	0	1	2	3	4
0	CTB-49A3.1	AC009133.24	RP4-533D7.6	OR5BR1P	RP11-281H11.1
1	RP11-794M8.2	SCTR	CTD-2015A6.1	AL606923.1	RNA5SP172
2	OR7E35P	ACTBP1	AC096649.3	CEP295	CACYBPP2
3	TGM4	MED15P7	SHROOM3	AC106765.1	RN7SKP57
4	CCDC136	RP11-723G8.1	HMGB1P16	ZNF586	RP11-254F19.2
5	SH3BGR	POC1A	DDX42	RP11-132N15.3	CLTCL1
6	RP11-392E22.3	RP11-1012E15.2	ZW10	RNA5SP300	RP11-619A14.2
7	BRWD1-AS2	CDKN2A-AS1	HSPE1P5	RP1-125N5.2	LCMT1
8	TMEM218	AC010518.3	AC006988.1	KCNAB1-AS1	RP11-395P13.4
9	HRNR	RP11-659G9.1	HNRNPU-AS1	AP000887.1	IGHV3-76
10	RP3-468O1.6	TACC1	RP11-505K9.4	CNTFR-AS1	PLCB3
11	CERS2	PLK3	ALG1L5P	WBP1LP2	RP11-553K8.5
12	POC1B-GALNT4	AC006335.2	MFSD9	S100A11	RNU6-194P
13	RP4-694A7.2	RP11-315D16.2	MIR204	AC002480.2	RNU7-75P
14	AC104169.1	RP11-1057B8.2	MAP3K2	MIR6770-1	IGSF10
15	ZNRF2P1	RP4-539M6.20	USP12PX	RP11-488I20.4	RP5-1074L1.4
16	RNA5SP382	AC025300.1	MAGEA3	RP4-613A2.1	PDLIM1P2
17	P4HA2	C1QTNF3	RP11-243J16.7	TTC21B-AS1	MIR544B
18	RP11-96C21.2	RP11-1099M24.9	RP11-72M17.1	RNA5SP507	LINC00444
19	SLC10A1	RP1-101G11.2	PRADC1	CHRM5	RP11-760D2.11
20	PTPN2P2	ST8SIA4	RPL37P23	AC002530.1	UBTFL2
21	NDUFB4P1	AC002429.1	RP11-315D16.2	VIT	RAB11AP1
22	SUN2	RP11-136O12.2	IGKV1OR2-3	RFWD3	RP11-493E3.3
23	FLJ33581	GOLGA8CP	RP11-195O1.5	LINC00200	OGFRP1
24	IGLC6	XKRYP5	C9orf142	WTAPP1	BPY2C
25	IL2RG	FBXL20	RPS23	DHX38	GS1-594A7.5
26	CTB-43E15.2	RP11-232D9.4	ERN1	RBMY2KP	PRR13
27	RP4-559A3.7	SULT1A1	IL1RL1	RP11-563K23.1	CTD-2566J3.2
28	GNGT2	PTPRZ1	RP11-521O16.2	TSPAN6	CYP51A1P3
29	DDX49	SNORD31	MIR1323	CTB-186H2.3	RP11-18D7.2
30	LYSMD1	NOP56P2	ANO1-AS2	MIR1225	ZNF445
31	AP000251.3	C16orf96	CD81-AS1	RP11-534I8.1	AMZ2
32	CTC-484M2.1	RP11-2F9.4	RNVU1-17	TUBA1A	LRRC49
33	RAD54L2	NME7	RN7SKP121	SH3PXD2B	RP11-378J18.6
34	SNAPIN	RP11-338K17.6	ZNF738	AGO4	RSPH10B
35	AP006294.2	DESI2	ARMCX3	MTND2P26	MIR188
36	TBC1D3I	DDX56	RP11-454P21.1	LHX5	AC091042.1
37	SULT1A1	RP11-424I19.2	RP11-153M7.3	CTR9	RN7SL425P
38	RP11-178C3.8	AC093157.1	RP11-37B2.1	RP11-142E9.1	ZNF665
39	CH507-42P11.6	RP11-158G18.1	VN1R4	CASC19	NPY4R
40	TP53I11	AP000889.2	RPL7L1P9	MIR4447	AC008067.2
41	AC105339.2	OR5E1P	ATF1P1	RP3-466P17.1	RN7SKP185
42	GNA12	RP11-175G14.2	CTD-2315E11.1	RP11-142O6.1	SND1-IT1
43	RP11-286O1.1	RP11-380M21.2	NANOGNBP2	CTD-2301A4.1	Z93241.1
44	CNN2P8	PCDH18	GCNT6	THAP11	RP11-359P18.5
45	IGKV6D-41	AC010084.1	RP11-1084J3.1	AC012005.1	TSPY1
46	SNRPD1	CEBPZ	NCKAP5-IT1	GAPDHP55	AF064860.5
47	LRRC52	AC007000.12	FALEC	KRT126P	RP11-252C15.1
48	RP3-331H24.6	RNU6-1270P	MRPS16P3	RP11-175G14.2	ASB14
49	CTD-2302E22.1	ZNF430	MIR4777	CTD-2372A4.1	DLL4
50	TMX1	AL390036.1	TFAMP2	RNU1-125P	RNU6-731P
51	COPS8	DNM1P50	ADPRM	PIEZO1P2	RP4-800O15.1
52	RP4-655C5.4	RNU6-244P	MRPS36P2	RNA5SP466	S100Z
53	TBC1D5	FEV	RP11-90C4.3	RNU6ATAC18P	RP11-557J10.3
54	CENPIP1	CR392039.1	MIR548AL	GSR	SLC6A5
55	TXNP2	RP11-295K3.1	RP11-74K19.1	Z93241.1	MIR4691
56	NTRK3-AS1	SLC52A3	CLIP1-AS1	RP11-600F24.7	MYH7
57	LINC01499	HNRNPA1P64	RP11-279F6.1	CR392039.1	RPL23AP39
58	RP11-295K3.1	MCCD1P1	ECSCR	RNU4-54P	EXOSC8
59	SLC4A3	MPDZ	RP11-845C23.3	AC009800.1	TROAP
60	CYCSP44	KRTAP2-4	GSR	PNMAL1	AL732325.1
61	AP000457.2	SAMSN1-AS1	RP5-1065P14.2	TRBV6-7	RP4-676J13.2
62	RP4-607J2.1	JAGN1	PMS1	P3H1	RGPD5
63	RP11-100N3.2	EXOSC8	C3orf17	SMPD4P2	CTSK
64	AC012506.1	HOXA11	CTD-2199O4.5	RP4-800O15.1	FAM95B1
65	LACTB2	bP-2171C21.2	RP11-235D19.2	RP1-261G23.4	ST3GAL2
66	RNU6-582P	RP11-512N21.3	RP11-3P17.5	RHAG	CCDC103
67	LRRC37BP1	MIR3180-1	RP5-1029F21.2	RP11-434D9.1	RP11-584P21.2
68	RP11-436F21.1	AL133244.2	FAM90A16P	RP11-514F3.4	SLC5A5
69	LYAR	CTD-2144E22.7	MAPK3	FAM90A18P	UGT2A3
70	XXbac-BPG249D20.9	RP1-37N7.6	IGHV3-13	RGPD5	UBE3A
71	RP11-395I6.1	AC072062.1	RP11-242C19.2	VTI1BP2	RP11-48G14.2
72	LINC00366	CTB-5E10.3	RP3-510O8.3	CNTN4	RP11-680L20.1
73	AVP	NTNG1	EIF2S2	RP1-249I4.2	C15orf54
74	GNRHR2	OR6K5P	C5orf17	ARIH1	RP11-366L20.2
75	AC097483.1	CCDC103	UBXN6	RPL21P23	RP11-925D8.5
76	MTND2P9	RESP18	RP11-989E6.10	PRSS21	CCDC33
77	ARMS2	AJAP1	RP1-310O13.13	RP3-477M7.6	VCX2
78	AC092309.1	AL365202.1	DUSP12	RP11-195C7.1	ABCA3
79	NANOGP10	RP11-602N24.3	SLC12A7	RPL12P41	AC005324.6
80	RP1-305B16.3	MIR4305	AL137118.1	ARHGEF7-IT1	AC002523.1
81	TRMT5	RP11-62H7.3	PGGT1BP1	RP11-521D12.4	ANO2
82	IL1F10	RNA5SP49	IGLV8-61	CTD-2296D1.1	RP11-600K15.1
83	RNU1-19P	TFPI	RP11-1038A11.2	SLC5A5	SS18L2P2
84	RP6-166C19.22	RP11-718B12.5	PIGCP2	RP11-613H2.1	CDKL4
85	TRA2A	RP11-312J18.3	RP11-559N14.6	OR7E43P	RP1-37E16.12
86	OLA1P3	AC018688.1	CSTF2T	CREB3L3	RP11-535C7.1
87	AC018688.1	CSGALNACT1	CCND3	LINC00345	RP11-25L19.1
88	RP11-526P6.1	LIG3	AC012462.1	POT1-AS1	AC010329.1
89	AC008798.1	EGLN1P1	DPP9-AS1	EGLN1P1	NDN
90	RN7SKP250	OTOF	RP3-388E23.2	RP11-462L8.1	ZNF20
91	SIX3	ZNF45	HEATR3	AC008088.4	RASAL3
92	RP11-259P6.3	FAM47C	ARGFX	FAM32A	RMDN3
93	RP11-462L8.1	NKAIN3	RP11-611O2.1	VN1R20P	URGCP
94	RN7SL798P	RP5-899B16.1	RER1	RP11-600K15.1	RNU6-1229P
95	SPIN4-AS1	RRN3P2	RP11-540O11.1	RPL7P31	PHYH
96	SYN1	IRX1	RP11-550P17.5	RN7SL290P	MIR3130-1
97	AC009404.2	STMN2	AP000304.12	GXYLT1P5	ZBTB37
98	CADM2-AS2	RP11-44N21.4	AC013267.1	BSND	RP11-106M3.2
99	FARSB	RP11-307L3.2	KAT8	HNRNPKP4	MIR6847
100	RP11-568K15.1	RNU6-864P	RP11-586L23.1	ZNF271P	TCF25
101	HLA-T	TUBB8P3	XX-2136C77.4	ERVH48-1	RP11-65J3.3
102	TAF1A	WBP5	IGLV3-24	TMCC3	RAB37
103	MAP10	MYL1	CTD-2521M24.8	AC136932.1	CTD-2012J19.3
104	RP11-359E10.1	AC244021.1	PLAC1	AC007365.4	FP236240.1
105	RP11-809F4.2	RP11-550P17.5	REXO1L7P	DHRSX	OR56A7P
106	CTD-2104P17.2	RP11-809F4.2	AL590708.1	PGK2	MIR196B
107	RP11-685M7.3	MIR6507	RP11-244N9.6	NEFH	AP003354.1
108	AC005301.8	DPM2	RP11-467C18.1	AP003354.1	TMEM105
109	MIR202HG	CTA-360L10.1	SLC9A4	CTA-249B10.1	VN1R71P
110	RP11-586L23.1	LINC00629	CRISP2	RP11-1006G14.1	ZNF702P
111	RNU7-128P	GPR123-AS1	RP11-443B7.3	RP11-64K7.1	OTUD4
112	HOXD4	CTA-249B10.1	OSTCP8	ALKBH7	RP11-459O1.2
113	RNU6-1167P	AL356806.3	RP11-531A21.2	KRT8P14	PELI1
114	RP1-168P16.2	ZIC3	RP11-568J23.5	RP11-737O24.2	FASTK
115	LINC00957	CTD-2630F21.1	LA16c-306E5.3	RP11-118G23.1	RP11-589P10.7
116	ZNF649-AS1	RP11-790I12.1	RP1-197B17.4	PDCD1LG2	RP11-234K19.1
117	RP11-798G7.6	RP1-232L22__A.1	RP3-323N1.2	RN7SL325P	ZNHIT2
118	RP11-6N17.9	FBXO6	RP11-305P14.1	RP11-364M6.1	RP11-51J9.5
119	MKI67	CYP3A7	TXNDC9	RNU6-116P	AC011515.2
120	RP11-467C18.1	TUFM	RN7SL246P	MXD1	RP11-730K11.1
121	RP11-65E22.2	SH3TC2	CTA-342B11.1	RMST_2	FAM197Y5
122	MAFB	AC091154.1	TSGA10IP	CXorf56	AL353662.1
123	SLC22A12	ALKBH7	RP11-196G11.1	RP11-311C24.1	RP11-42L13.3
124	GSX2	AC096967.1	PSMC2	SNORD7	DCUN1D2-AS
125	HDAC1	RP11-343C2.9	NDNL2	SLC2A3P4	RP11-768G7.1
126	RNU6-996P	C1orf189	RP11-71L14.4	RP11-423G4.10	Z95704.3
127	RP11-531A21.2	AC116176.1	GPC5-AS2	SMUG1	RP11-414J4.2
128	AC074121.4	RP11-740N7.4	MIR8078	RNU6-254P	OR9G4
129	RNA5SP30	SNORD115-41	EIF5A2	C15orf61	OR5AM1P
130	RNA5SP117	OR2A5	AC009133.22	ZNF542P	PPP1R9A
131	CXorf56	AC068056.1	CTB-39G8.2	C7orf72	MED29
132	PPP1R13B	TMEM234	AL133245.2	NDUFA1	NKX6-3
133	RFC3	PTPRC	RP11-170M17.1	TPTE2P6	RP11-114B7.6
134	RP4-718N17.2	GCNT1P3	RPL23AP54	AC019330.1	RP11-142C4.6
135	RP11-64D24.4	MAPK8IP1	RP11-686G8.2	COQ10BP2	HSPE1P23
136	LINC01395	AP000648.5	COPRS	OFD1P1Y	KRT8P7
137	CD86	FZD6	RP11-13K12.2	GRB2	NXF4
138	PPP1R9A	RP1-283K11.3	RP11-816J8.1	CCDC24	RP11-158I23.1
139	RP13-104F24.1	IL24	CTD-2231E14.5	DPP10	CH17-333M13.1
140	SEC14L4	RP11-229P13.19	CTD-2588J6.1	ANKRD9	AGBL3
141	RDX	CTD-2324A24.2	RGS4	MIRLET7A2	CXCL5
142	SLC47A2	IGLV3-16	LARP1BP3	SLC7A11-AS1	APOBR
143	ALDOC	EEF1A1P37	HNRNPA1P47	TFF1	RP11-218M11.1
144	DMBT1	RPS19P6	HCG24	AC004066.2	RP11-64K12.9
145	CTA-797E19.2	AC068706.2	MTATP6P7	AL139239.1	RP11-366M4.11
146	CD99L2	CCT8L2	MOB3C	RP11-69H7.2	RP1-257A7.5
147	PAH	CTD-2028E8.2	RP5-966M1.4	RNU6-1087P	ILK
148	RP5-857K21.7	RP11-15E18.4	PTRH1	CTD-2536I1.3	GPR183
149	TPTE2P6	TBX18	RP11-115J16.1	IRF2BPL	C7orf26
150	BTG1	COQ10BP2	RNU1-146P	AC092635.1	CTD-3032H12.2
151	AC135584.1	RPS10P27	RP11-268G12.1	RP11-651P23.2	RPL29P30
152	TCEB1P32	PDS5B	ZNF574	CTD-2210A23.1	SATB1-AS1
153	RP11-51L5.7	RP11-523J2.1	RP11-364B6.1	C9orf147	MKNK1
154	CTD-2653M23.3	OGFOD1P1	MIR938	RNY4P28	CTB-55O6.8
155	Z95114.5	RP11-95I19.2	LINC00905	LINC00304	TNF
156	RYR3	AC034236.1	AL050316.1	GCLC	ATOX1
157	RP4-639J15.1	ANKRD9	BX842568.1	KCNA10	CSNK2B
158	ILK	PTP4A1P7	MIR7152	UEVLD	MXRA8
159	RP11-324H9.1	CTD-2526A2.5	RP11-507J18.5	LOX	SRGNP1
160	OR9G2P	RP11-673D15.7	RP1-203P18.1	RP11-247I13.11	COX20
161	C19orf68	NUPR1	CLUHP1	RP11-989F5.1	OR52P2P
162	POLD1	NNAT	SEPT10	CTD-2124B8.2	HMGB3P3
163	RSL24D1	SMEK1	RNU6-1143P	CTD-2568P8.1	RP11-567L7.3
164	RP11-299J3.8	RP11-1055B8.10	TRGJP	MIR6515	AL022237.3
165	RP11-12J10.4	AC012506.3	RP11-212I21.5	OR7E1P	RP11-1079H9.1
166	RNU6-164P	AC126917.1	RP11-111F5.4	AC027811.1	HIP1
167	AC004066.2	RP11-74D7.1	RANGRF	TMEM205	RP11-458K10.3
168	FOXD3-AS1	AC013460.1	RP1-90L14.1	PCDHGA4	RNU6-665P
169	RP11-621K7.1	AC002310.12	CYP4A43P	FAM206BP	RP11-331O9.4
170	DENND2C	YPEL5P3	TRIM72	PROS1	RP11-218C14.5
171	RP5-1021I20.8	RPS26	POTEJ	RP11-386M24.5	RP11-45M22.2
172	CTD-2154H6.1	LINC00251	LIMS3L	ZNF639	RP4-742N3.1
173	RP11-168J18.6	UEVLD	YWHAB	AC012442.5	OR52T1P
174	RP11-268E23.2	RP11-791G15.2	AC093084.1	RP13-20L14.10	RP11-439C15.4
175	RP11-93H24.3	ERHP1	ST7-OT4_2	TNFSF18	RP13-884E18.2
176	RP11-57H12.3	MIR378I	DNAJC19P7	RP11-580J4.1	KCNT2
177	TAAR7P	RP11-1H8.6	PRDM5	RP11-574K11.32	RP11-429E11.3
178	PRKRA	RPL7P6	RP11-34D15.2	RP11-1029M24.1	GRM7-AS1
179	CHD1	AC092022.1	TCTN3	CTC-501O10.1	SNHG6
180	RP5-1033K19.2	AC008166.1	RP11-649E7.7	RN7SKP293	TET3
181	MS4A4A	AK5	FGF13	CTD-2528A14.1	PAPSS1
182	AC022395.1	HNRNPA1P4	LIPE-AS1	AC019131.1	ITGA10
183	RP11-312P21.2	RALBP1	PPDPF	ZBTB33	ZCCHC6
184	RNU7-130P	SAR1P3	RNF41	SNORD88	MIR151B
185	LINC00251	RPL3P13	AC134873.1	MED28P4	PRUNEP1
186	RP11-321E2.12	AC005794.1	ERG	HMGN2P25	RP11-391A7.1
187	LL22NC03-N64E9.1	SLC17A7	RP5-1160K1.3	RN7SL749P	RP11-304C12.3
188	AC013448.2	RP11-391A7.1	ERN2	FTH1P6	AC026797.1
189	MTCYBP1	RP11-115I9.1	AC005162.5	STAB1	ITLN1
190	IQCF2	RP11-699F16.2	RP11-826F13.1	AC007919.2	GOLGA2P2Y
191	SGK494	SLC25A42	CTD-2342N23.2	CABYRP1	SOCS5P4
192	CTB-35F21.1	RNU6-589P	RP11-439L8.5	RP1-136J15.1	RP11-728C8.1
193	RP11-111F5.4	RP11-121A13.3	FAM168A	GOLGA2P10	BBS10
194	HIST1H4E	HSF2BP	RP11-510M2.8	RP11-472F19.1	COLCA1
195	SLC25A14	AL021326.1	VIP	INPP4B	RP11-791N19.1
196	GADD45GIP1	RP11-382A20.1	KIAA1456	RP5-1093G23.1	IGKV3D-31
197	AC006288.1	RP11-88H10.2	RP11-834C11.7	AL079306.1	AC114730.3
198	ZNF385B	FOXRED2	MROH2A	RP11-455B3.1	GRAMD4
199	CCDC114	VSIG10L	KLK3	AL611946.1	RN7SKP81
200	RN7SL789P	IGHEP1	RP11-472E5.3	RN7SL154P	CTD-2561B21.3
201	CTD-2035E11.4	OR56A1	RNU6-703P	CLPSL2	RP11-161H23.10
202	CTC-457E21.9	SLC22A31	REREP1Y	RP11-344P13.1	MARK2P6
203	CTD-2124B20.2	RP11-666O2.1	RP4-673D20.3	CDPF1	RHOQP1
204	AANAT	SDCBP2	RP11-594C13.2	MATN1-AS1	AC008268.1
205	RN7SKP81	APCDD1	LINC00486	RP11-344N10.5	RP11-566K19.7
206	NBEAP1	NBEAP1	RP11-114J13.1	RP11-504P24.3	RP4-781L3.1
207	CD5L	CD177	CAMK2D	TTTY4B	ZNF790
208	AC084121.14	MTND6P10	PHB2	MTND4P4	CH507-42P11.1
209	AP002954.6	HSDL1	TRAV13-2	AC000403.1	AP003774.6
210	AC243981.1	XX-C283C717.1	AL512290.1	RP11-10A7.1	AC005599.1
211	PDCL2	AC104131.1	CHCHD5	AC110602.1	RP5-1028K7.2
212	RN7SL749P	AC114765.2	CTB-151G24.2	RP11-618M23.1	AC019198.1
213	CLCP1	RP11-508N22.9	RP11-849N15.5	OAZ1	RPS12P20
214	NOTCH2NL	RP11-131M11.3	CEP192	RNU6-54P	USPL1
215	RNU6-720P	RP11-50I19.2	GAN	PSKH2	AL079306.1
216	CAPZA2	BTBD7	RP11-369E15.2	FABP5P15	GAPT
217	TBL1X	ZNF14	ZNF675	SLC25A6P1	RP11-439L8.5
218	ERG	RNU6-231P	RNU2-48P	A2ML1	TCP11X3P
219	GLOD5	RP5-1028K7.2	CTD-2129N1.1	KRT8P40	SGK2
220	CLN6	RP11-785G17.1	RP11-752D24.2	TRH	RP11-575L7.4
221	RP11-387D10.4	USPL1	RP4-726N1.2	AC116606.1	RP11-315A16.3
222	NYX	ARL15	RNF103	CTD-3064M3.3	RP11-463C8.7
223	RP11-1081L13.5	EPS15L1	RP3-465N24.5	TRAF3IP2	DRD1
224	ZNF701	RP11-383C5.5	RP11-4O1.2	CTD-2517M22.14	AC068704.1
225	TIPARP-AS1	ZNF781	AL512384.1	RP11-368P15.2	RP11-428O18.6
226	RP11-476H16.1	AC007405.4	TUBB8P5	RP11-84C10.1	HIST1H3G
227	SLFN13	SAMD13	RP11-401N18.1	PDK3	AC019011.1
228	RP11-418B12.1	RBP7	HTR7	CSPG4P2Y	MS4A15
229	C1S	GPR101	CTD-2267G17.2	RP11-249C24.12	TTTY4B
230	AC019011.1	KRT18P28	CHD5	MTCH1	FAM24B
231	IFNWP18	USP12	AC004541.1	RP3-465N24.5	SNORA32
232	AL590822.1	RP11-796A5.4	ZNF48	NDST2	MCMDC2
233	HIST2H2AC	RP11-448G15.3	RP1-8B1.4	RP11-324O2.3	TNS4
234	INTS10	ITGAX	CDC16	CEP85	ZNF581
235	AQP7	RP11-1072A3.3	CTD-2033D15.1	MIR4464	RP5-1039K5.18
236	RP11-72L22.1	LAMB3	LINC00708	EID2B	AC007682.3
237	TREML5P	MIR598	CTD-2340E1.2	MIR4790	CLC
238	RP11-303E16.6	AC092431.3	MTND5P4	AC008427.2	RP11-673C5.1
239	RNA5SP396	CACNG5	OR2U1P	KNOP1	RNU6-650P
240	CHCHD5	MEI1	CTD-2535I10.1	AC090660.1	PYCARD
241	RNU6-127P	AC006987.4	AC000029.1	KLK14	RP4-773N10.4
242	RP11-257K9.8	RNU6-16P	FNDC3B	CCDC70	SLC34A1
243	MIR3621	RN7SKP90	RP3-340B19.5	LSM2	RP5-1119A7.17
244	RP11-469J4.3	MIR6868	MICAL2	PPARA	APPL2
245	RP11-59C5.3	RP11-536C10.26	RP11-299M14.2	HNRNPDLP3	OR7E55P
246	RP1-122K4.3	CTC-260E6.12	PRR12	RP11-343C2.11	AC010878.3
247	RP11-98J9.1	HMGN1P7	CIDECP	PCDHGA10	RP5-1024N4.2
248	AC019100.7	MCCD1P2	GNAQ	CTC-235G5.2	AC108868.6
249	ZNF8	RP11-379F4.1	CH17-52D20.3	RP11-160H12.3	AC006987.4
250	C3orf56	WDR78	KRTAP1-4	PPIF	CTD-3035D6.2
251	RP11-232L2.2	BORA	RP11-390P2.2	MIR4509-1	MGC39584
252	RPL29P23	RNU4-25P	RP11-864N7.2	RP4-609E1.2	CDY15P
253	RP11-693N9.1	XXbac-BPG170G13.32	SYNPR-AS1	KRT18P58	AC022098.1
254	AL356739.1	LINC00370	RP1-30M3.6	RNU2-12P	MIR4672
255	SRGAP3-AS4	HLA-DPA2	ZNF587	RP11-52L11.7	RP11-523L20.1
256	RP11-84A14.4	SNRPFP3	MIR6721	RP11-7F17.4	ELOVL4
257	RP11-363J17.1	CTD-2008L17.2	GTSF1	MYO3B	CTD-2621I17.6
258	GGT5	CDH12P2	RP11-144F15.1	RBM19	RP11-452L6.5
259	RN7SKP22	C1RL-AS1	POR	OR2B4P	CTD-2258A20.3
260	AL845259.8	RP11-353N14.7	DEFB128	AC005538.5	ASMT
261	AC009480.4	RP11-329B9.4	RP11-484D2.2	SIPA1	KCNN4
262	RP11-566K19.6	RBMY2QP	NTSR2	CLHC1	MIR219B
263	RP11-201A3.1	GTPBP6	RP11-603B24.1	RP11-1250I15.2	SMAD9
264	RASL10A	CTD-2349P21.5	RP11-254F7.1	TYSND1	RP11-384C4.2
265	RPL13AP17	RP4-806M20.5	AC004699.1	ZNF138	ZNF891
266	MIR8074	ATP13A3	MTND4P7	GS1-279B7.1	PM20D1
267	NAMA_2	HSFY1	OR1N1	Z95114.4	HARS2
268	ELANE	FAM212B-AS1	AHCYP8	RP11-390K5.1	CH17-264B6.4
269	RNU6-1023P	KRTAP2-1	RP11-410C4.5	KB-288A10.19	RP11-260M19.1
270	RP4-609E1.2	MIR4509-1	HHIP	ZFYVE27	RP1-31B8.1
271	TUBB6	IL5RA	RP11-91I11.1	FP671120.3	RASL10A
272	RP11-364P2.2	RNU1-89P	MIR548AV	SLC7A13	AC004074.4
273	S100A5	FOLR1	RP11-101E5.2	RP11-96J15.1	RP11-867G23.13
274	MIR4291	RP11-421N8.2	RP11-183A22.3	RP11-211N11.5	UBQLN1P1
275	NFIA-AS2	TIMM9P2	AL159997.1	ARHGAP26-IT1	LINC00861
276	PSMC1P11	C1orf100	RP11-340F16.2	GALNT5	RP5-894D12.5
277	AL162586.1	RP11-496H1.2	CTD-2194M22.1	PTGDS	RP11-532M24.1
278	AC096922.2	NMNAT3	RLIM	RPL31P50	RP11-70F11.7
279	RP4-630C24.3	RP11-382F24.1	OR7E5P	WDR82P1	RP11-693J15.5
280	RNU6-848P	RP3-425P12.5	CTD-2126E3.4	MTND6P19	ZNF572
281	GLULP6	RP11-688D15.1	ITCH-AS1	AURKA	RP11-73M14.1
282	EMX2OS	GLT8D1	RP11-101B14.1	COL27A1	RNU6-1306P
283	AC016747.3	RP11-701H24.8	XXyac-YX155B6.5	MIR664B	RP11-690G19.4
284	TOB2P1	KDM4C	MARK3P1	AP000474.1	HIST1H2APS2
285	RNU6-288P	PSD4	HIST1H1PS1	RNA5SP74	RP11-242F24.1
286	SLC25A36P1	HIST1H2AI	NR2E3	GOSR2	CTD-2105E13.14
287	TRAP1	RPL41	SLC4A1AP	CDX4	NR2F2
288	C4orf46	PPAP2C	NRG4	RP11-20B24.3	RAD51AP2
289	AC011752.1	AC099539.1	RP11-33I11.2	HOXB13-AS1_2	FGG
290	SLC16A7	RP11-516J2.1	GPD1	LINC00704	AC092657.2
291	CECR1	RP11-665E10.3	RBMY2WP	RNU7-52P	DPRX
292	NDUFA5P7	RP11-310P5.1	RP11-508N22.13	PPP1R3D	RP11-77B22.1
293	ISL1	RP5-916O11.2	RNU2-71P	RP11-429P3.3	RN7SKP295
294	RP1-186E20.1	CTD-2561F5.1	RP11-395G17.1	YBX1	RAB19
295	RP11-552I14.1	RP11-778J16.2	RPL10P14	AC064871.3	CTD-3074O7.11
296	AURKA	RP11-567G24.3	CTD-2231E14.2	RP11-395N3.2	FITM2
297	RP11-633G11.1	MANSC1	RP11-314A15.2	OR1N1	MCTS2P
298	CSGALNACT2	RP11-555H7.2	SNHG18	AC009945.4	MIR4722
299	TMEM45A	RN7SL118P	TPM3P7	AC025470.1	CTD-2008P7.3
300	SPACA7	GOLGA6L7P	GPR180	RP1-313L4.3	EDDM3A
301	C9orf114	ANO7P1	OR1F2P	AC007272.3	RPL26P37
302	C20orf78	STK11IP	CD274	RP11-348H3.4	ZC3H12D
303	OR4M1	NTSR2	RNU7-43P	TGFBR1	SNX11
304	ENPP7P2	MRPL38	DRAXIN	CCNI	DRAM2
305	AC068408.1	AC064871.3	JMY	CTC-457E21.1	LPAL2
306	RP11-456O19.5	RP11-234K24.3	HIGD1AP11	RP11-23I7.1	RP11-219B4.6
307	RP11-687E1.2	MIR106B	PODXL	WASF5P	EPB41L4B
308	CTD-2235C13.1	CTC-479C5.12	MIR3140	PRNT	AP000474.1
309	RPL10A	AC091814.3	DDX11L2	RP11-678G14.5	PTH2R
310	HSD17B1P1	RCC2P4	RHOBTB2	RP11-756P10.3	RP11-580I16.2
311	MIR221	MYH16	RP11-729I10.3	PDCD2	RCN3
312	RP1-138A5.2	AP4B1	RP5-1025A1.2	ZNF98	SLC35E1P1
313	RNU6-696P	SUMO4	RP4-529N6.1	RP11-597A11.4	GSTZ1
314	PTGS2	RN7SL356P	RN7SL679P	CD38	MRPL38
315	CTC-490E21.10	AC025470.1	AC007278.2	GS1-466O4.3	RP11-710M11.1
316	RP11-502F1.2	RECQL4	OR10T1P	OR10P1	RP11-35J10.4
317	RP4-657D16.6	CTD-2336O2.1	AC062032.1	PCYT1A	LINC00551
318	FCHO2	GPR112	RP11-185O21.1	RP11-426D19.1	RP11-650J17.1
319	RP11-255M2.1	FUBP1	RNU6-1207P	TMEM151A	RP11-46B11.2
320	IL18R1	RP11-386B13.3	RP11-789C2.1	RNU2-46P	CDK6
321	CAPRIN2	TNFSF12	AC093850.1	RP11-403P17.2	PRKG1
322	CTD-2296D1.3	RN7SL346P	LPAR5	AC011994.1	IGHV3-62
323	ROCK2	PLEKHM2	ARHGAP22	SSBP3-AS1	RP11-300E4.2
324	HMGB3P24	LCE6A	AC090960.1	RP11-452K12.6	RP11-1140I5.1
325	MIR6738	EGLN2	KRTAP6-3	CTB-133G6.1	RP11-500M10.1
326	THAP7	RNU7-20P	CTD-2523D13.1	SLC20A1P1	RP11-462B18.2
327	GPD1	KRT8P26	AL160010.1	AC073127.1	KB-1410C5.3
328	RP11-419L9.1	AC020983.5	TM9SF4	AC231759.2	PIRT
329	CDK5RAP1	CTA-444M12.3	AC078986.1	RP11-861E21.3	LINC00701
330	CTD-2501B8.5	RP11-603J24.6	ALDH6A1	CTB-73N10.1	RPS17P5
331	AC068492.1	RP11-799D4.3	USP9YP28	RNU6-1168P	RN7SL47P
332	ZNF7	AC011994.1	RP11-416N2.3	IPO8P1	RP11-499E14.1
333	RP1-17K7.1	RNU6ATAC39P	SLC16A1-AS1	RP11-701B16.2	RNU6-763P
334	RP11-402J6.3	ARSJ	CNGA4	RNU4-91P	PDCL
335	AC104777.1	AC005307.1	FTH1P27	RP11-662J14.2	HNF4A
336	MIR1302-3	RP11-366L18.1	RN7SL337P	RP11-499E18.1	RN7SL468P
337	AL591428.1	RP11-517C16.2	ARHGEF5	SLC25A18P1	POLE
338	CCDC60	TPM3P7	ZSCAN5C	RP11-664H7.1	KYNUP1
339	RP11-314A15.2	LINC00642	TERF1P3	RP11-77H9.6	RP11-345K9.3
340	RP11-223I10.1	TTF1	RP11-66N11.6	LAP3	RP11-190D6.1
341	CH17-302M23.1	TBL3	LINC00622	AGGF1P3	NPM1P5
342	CTA-398F10.2	CAD	AQP12B	COL1A1	PSTPIP1
343	RP13-1032I1.7	LINC01339	AC098795.1	MIR625	RP11-501H19.2
344	MMP23B	ST14	RP3-462D8.2	MAP1LC3A	CEP57L1P1
345	RPF2	MIR5787	RP11-429E11.2	P2RY14	CTD-2083E4.7
346	OR52L2P	G6PD	TPD52L3	GABRA5	RP11-218D6.3
347	RP1-172I22.1	PARP8	RP11-467L13.5	KRT18P48	RP11-649G15.2
348	RP11-23B7.4	FAM45B	CSNK1A1P1	IGHA2	CYP4F9P
349	RP3-357I16.1	RPS28P7	RP5-877J2.1	IGLVIV-59	RP11-1267H10.2
350	EIF4EP3	EPPIN-WFDC6	LINC01375	GSKIP	ZNF385D
351	OMD	LINC00525	CTD-2588J6.2	RP11-613F22.8	UPK3BL
352	CTA-221G9.10	RP11-598F7.3	RP11-330H6.6	TMPRSS11F	RP11-365O16.1
353	RP11-425A23.1	RP4-593H12.1	RP11-46E17.8	MLIP-IT1	RPL5P23
354	IFNA12P	AC002389.1	RPS3	RP5-930J4.2	RP11-493E3.2
355	GRIPAP1	AC019178.3	CTD-2526A2.6	SNTG2	ADCK1
356	RP6-166C19.14	ATP5SL	RP11-353N4.5	VSIG4	DSCAM-IT1
357	KRTAP6-1	PSMD8	RP11-267L5.1	RP11-16E23.5	RP11-146I2.1
358	AC009403.2	RP11-849F2.7	PRPH2	CCDC50	HTR3C
359	CXorf49	RP11-479O17.10	LIMCH1	SHISA6	SNORA7B
360	KIAA1279	PGAM1P5	EXOGP1	OR2AI1P	BMS1P16
361	AC007618.3	MDM1	TRBV5-5	MRGPRE	CTA-221G9.10
362	MDM1	AC093850.1	RP11-206F17.2	CTD-3012A18.1	DNHD1
363	MIR1256	LL22NC03-22D1.1	AC024267.1	SCP2D1	AC068491.3
364	RP11-114F3.5	AC007682.2	DIRC1	RP1-120G22.11	XGY1
365	RP11-1029J19.5	DSCR9	LINC00392	RFX6	NTAN1P2
366	COL4A6	RP11-376M2.2	RNU6-443P	AC090587.5	ACRC
367	RP5-1160K1.6	RP11-171L9.1	RP11-362J17.1	RP11-416N2.3	ARF4
368	RP11-24M17.4	AC009166.7	HMGB3P9	RXRG	Z97055.1
369	RP11-689B22.2	IDO2	RP11-249L21.4	KRTAP13-4	RSPH4A
370	AKR1C1	C2CD2	NFIC	MIR1227	CALCP
371	MZT2A	RP11-670E13.6	NEU3	RP11-701I24.1	FAM81B
372	CTA-345G4.1	RP11-191A15.1	VGF	RP1-12G14.9	CTTN
373	ZNF486	ITSN1	RP11-598F7.6	RP11-264B14.2	RP11-47I22.2
374	STX16	MIR548M	C8orf33	FOXA1	C19orf73
375	RP11-463O12.5	KRTAP24-1	GAPDHP24	MIR614	TMEM132E
376	CTC-471J1.9	GTF3C6	CTD-2528L19.4	RP3-337H4.9	C21orf2
377	CA3	NOL8P1	ZNF610	COTL1	NUDT9
378	AC073283.4	TMEM8C	RP11-171A24.2	RP11-390F4.6	ZNF317P1
379	CT867977.1	SHPK	ZNF568	RP11-389O22.4	DNAJC19P2
380	RP11-504A18.1	RP11-275I14.4	AL353731.1	OR52P1P	RP11-136G2.1
381	RP11-66N11.6	RP13-395E19.2	AC083864.4	FSCN2	ZNF808
382	MIR614	ASS1P5	SMPD3	RNU6-1305P	AC112693.1
383	ZSCAN5C	ADAMTS7	AC019349.5	SNRPFP1	KRT16P5
384	COX5BP6	RP5-1030M6.3	USP17L26	RP11-46E17.8	ZNF385C
385	RP11-268J15.5	CHRM4	AC006486.9	RP11-368M16.6	MIR4512
386	MT1CP	AC092881.1	RP11-697E22.3	FTH1P2	RN7SKP101
387	FRMD8P1	KCNJ3	PCDH9-AS2	SYNE2	MTND3P6
388	CTD-2357A8.2	RP6-43L17.1	RP11-669M16.1	CSPG4P3Y	RNU6-901P
389	RP11-157L3.11	RP11-597M12.1	RBMY1A1	ANKRD40	SNORD62B
390	RP11-20G13.1	AC016700.4	RP11-330C7.4	NUDT16L1	IPO9
391	SLC6A1	AC138035.3	IL12RB1	EVI2A	KRT8P44
392	CTD-2230M5.1	AL356289.1	LTB4R2	RP11-483E23.2	UBTFL6
393	RP11-542C16.1	RP11-494G9.1	RP11-569A2.2	AC010525.1	RP11-259P1.1
394	RNA5SP335	EPN2-AS1	AC018634.9	TOPBP1	AC105053.3
395	RP11-461L18.1	SNX33P1	RNA5SP494	SOX14	RP11-353N4.5
396	SLC22A6	RN7SL508P	RPS5P3	RP11-325P15.2	HMGN2P17
397	RP11-562A8.1	RP4-613B23.5	RP4-803A2.1	RP11-31H5.1	AC010525.1
398	RP11-553D4.2	SKIDA1	OSBPL1A	AC005954.4	CCDC42
399	ZBTB7B	RP11-389G6.4	GPATCH11	RP11-551G24.2	RP11-394I13.3
400	RNU6-764P	KRT80	CYP2AB1P	RP11-428G5.7	SEC22B
401	OR5I1	TAF2	RNU6-78P	RP11-1334A24.6	KRT74
402	TRGV8	AC010745.2	ICA1L	AC006534.2	AC006369.3
403	AC022616.1	RP11-428C6.2	RP11-844P9.2	RP11-445F12.2	RP6-65G23.3
404	C16orf78	CNTN4-AS2	RP11-72M10.5	CTD-2616J11.15	UNC119
405	RP11-863P13.3	RPL35AP30	RP11-151H2.1	RIOK1	ZFAT-AS1
406	C18orf32	HZGJ	C9orf153	RNU2-34P	STIM2
407	ENAM	AKIRIN1	RP11-370K11.1	CNNM3	RP11-332E19.2
408	RP11-79C6.2	ARPC3	MIR5100	CTB-140J7.2	C14orf80
409	RP11-16F15.4	RN7SL60P	DBH-AS1	RP11-108H9.1	RP11-549J18.1
410	OR6Y1	RP11-83B20.5	RPS6KA2-IT1	RP11-845M18.6	CTB-14A14.1
411	RP11-340M11.1	OR51L1	AC024568.1	ARPP21	CFDP1
412	RP11-719K4.3	RN7SL714P	RP11-255I10.2	SMPD3	AC090311.1
413	SNORA65	RPL7AL3	MIR1827	RP11-744K17.3	RP13-644M16.2
414	AC002401.1	LINC00844	SIAH2-AS1	RP11-355F22.1	AC008836.1
415	RP11-723C11.2	ISM2	RN7SKP267	RP11-348J12.2	NALCN
416	F12	AC103563.2	SLC25A5P4	CTC-297N7.1	LINC00853
417	CTC-308K20.1	RP11-434D2.9	MTRNR2L2	ZHX3	CTD-2206N4.2
418	RNU6-1055P	RP11-572M11.1	LINC00452	AC005281.1	AC012075.2
419	ZNF583	ASB12	RP11-577N1.1	RP11-284N8.3	RP11-460I13.2
420	RP11-587D21.4	MIR1185-2	AC092155.4	NBPF7	BRF1
421	BNIP3P32	CTD-3035K23.3	AC004813.1	SYTL3	RP11-649A18.5
422	BNIP3P4	LINC01119	DPP8	AC004069.2	THBS4
423	UBE2Q2P8	RP11-697E22.3	PMPCA	EFNA4	RP11-767N6.2
424	AC118282.4	C1R	AC005519.4	LRRC37B	RNA5SP505
425	MIR1207	RP11-701I24.3	AC093166.4	RP1-90J20.10	RN7SL242P
426	DIAPH2	AC016597.1	AC017101.10	NUDT11	GPR1
427	BTN3A1	RP1-241P17.1	FOXN3-AS2	RP11-939C17.4	ENO1-IT1
428	AC093326.2	PITX1	MFSD2B	SNORD115-32	SYTL3
429	DNM2	RN7SKP91	RP11-266O15.3	RP11-43N16.4	TRIP10
430	XXYLT1-AS1	KIF1B	RP11-622C24.2	MKRN2OS	AC092066.1
431	ANKDD1A	RFX5	IGHV3-22	CTD-3105H18.11	RP11-102L12.2
432	MIR6761	UBE2D3P3	C2orf82	CCL4	RP11-114O8.1
433	RNY1P15	AC093430.1	BOK	TRMT61B	AC144449.1
434	RP11-78H18.2	CASP3P1	PPP1R15A	RP11-331H2.3	AL157407.1
435	RP11-59N23.1	RP11-174J11.1	AC005251.3	RP11-621L6.3	CTB-184G21.3
436	RN7SL250P	LINC00908	SERPINB4	AC079150.3	RP11-16L14.2
437	GOLGA2P7	AC091493.1	OVOL1-AS1	EXOC5	SEPT12
438	RP11-247L20.4	RNU6-245P	ATP5G2	RP11-338O1.3	ERVFRD-1
439	RP11-371E8.4	IGHV3-66	MIR4261	AC005775.2	KRT8P42
440	CXCL13	RP11-247L20.4	AUNIP	MGARP	MIR4794
441	DIDO1	USP9YP32	TRIM4	RP11-115H18.1	KIF2A
442	RAD9A	RP11-612A1.1	RP11-266I3.1	ADRA1B	RNU6-151P
443	CTD-2008P7.10	TPTE2P1	RNU7-18P	RP11-160E2.11	RP11-63I8.1
444	CTD-2366F13.1	RNU6-102P	ZFR2	OR4F15	RNU6-1249P
445	RP11-550C4.6	RP11-664H17.1	RP11-358N4.3	RP11-513G11.3	TRPM2-AS
446	DARS2	MIR610	OSCP1	RP11-321E2.8	LINC01550
447	RP11-1151B14.1	LARGE	SETP16	IDO1	RP11-927P21.1
448	ZMYND12	AP000350.6	RP4-612B18.1	RP11-220C2.1	TMEM18
449	MSN	ZNF597	RP4-785G19.2	CTD-2526M8.2	NPTN-IT1
450	AP000350.6	IGKV2-36	KIF4CP	MIR4698	ST7-OT4
451	CAPN8	RP11-356K22.1	ALG1L14P	CTD-2184D3.7	RP11-277I20.2
452	PCDHGB4	RP11-843P14.2	MIR6862-2	DLEU1	NPPB
453	RP11-121A8.1	AC007740.1	GLT1D1	RP5-998G20.1	RP11-726G23.12
454	AP1B1	CTSZ	RP11-569G9.7	GLT1D1	ST7-OT3_3
455	RP11-51C14.1	CYB5P4	SNORA80B	WDR4	TAS2R16
456	RP11-213G2.1	SPINK2	NPM1P48	PHBP4	RP11-78B10.2
457	AC005775.2	AC017028.3	RP11-141O11.1	AB019438.66	RP11-113A11.1
458	ELL2P3	TSPY23P	RP11-392O1.4	RPS17P17	TRAJ1
459	RP11-3P22.1	IFNA2	NETO2	RP11-131N11.4	YIPF5
460	RALYL	RPL35AP35	RNU6-165P	RNU6-133P	RP11-323F24.4
461	MIR548L	DAPK2	AP001340.1	RP11-678G14.2	ZFPL1
462	ARRB2	ZNF257	CTC-360G5.9	FAM193B	SLC39A12
463	QRSL1	PSG11	RP11-183E24.2	RP1-102E24.9	RP11-316M21.7
464	USP30	RP11-308K2.1	CH507-9B2.3	CYP4F34P	RP11-404L6.2
465	RGS13	TTTY13	RP11-56G10.2	ODF2	VCX
466	FAM197Y3	NPPC	RP5-875H18.4	RHOXF2B	RP11-290L1.2
467	CTC-461H2.2	KCNB2	TCEB1P13	ZSWIM1	RP11-277B15.1
468	RNU6-501P	IGHVII-31-1	RP11-699A7.1	ATG16L1	RP11-293M10.6
469	RP11-726G23.12	ZIC4-AS1	PARP4P3	RP11-699A7.1	RP11-589P10.5
470	ZFR2	RP11-163O19.3	PCDHA10	MAGI1-IT1	OPRD1
471	AC009960.6	OR12D2	RP11-401I19.2	RP11-982M15.7	RP11-20J15.3
472	OR5P4P	DAXX	RP11-231C14.5	RP11-302M6.5	STAT6
473	EEF1A1P3	NOL7	RP11-22P4.1	RP11-42H13.1	PROL1
474	RP11-243M5.1	B3GNT2P1	RNU6-915P	RP11-717F1.1	MRPS23
475	RP11-275O4.5	RP11-290L1.2	RN7SL152P	CTD-2154B17.4	CD209
476	BLOC1S4	RP11-197B12.1	RP1-274L7.4	MIPEPP1	ZFP64P1
477	AC012150.1	KCNK7	AP002954.4	CTD-2376I4.2	COX6A2
478	RP11-307L14.2	RLTPR	DCPS	CTD-2383I20.1	CXCR5
479	TRBV30	RP11-292K15.1	MAPK6	RP11-108L7.4	RP11-747I9.1
480	RP11-132A1.3	RP1-297M16.2	RP11-113K21.1	RP11-522L3.3	APOOP4
481	OR6K2	RP11-588H23.5	PPAN	RP11-157H4.1	TEX30
482	RINL	AL354936.1	RP11-9M16.3	RPS4XP14	CYP2C59P
483	RNU7-80P	RP11-158D2.2	CANT1	SEMA5B	NIPBL
484	RGL3	CTB-60B18.12	ELK2AP	RP11-632K21.6	ZNF736P3Y
485	RP1-85D24.1	CYP4F34P	GGTLC3	RP11-103J17.1	RNU6-185P
486	RP1-167G20.1	IGHD2-2	HHIPL1	AGAP2-AS1	RP3-522J7.7
487	MIR4310	MAGEB16	AC005150.3	RP13-313G19.2	AC079610.1
488	RP1-10C16.1	RP11-520D19.2	RP11-751K21.1	PCMT1	AP3S1
489	CTD-2373J6.2	RP11-80F22.8	CLN3	RP11-145A3.2	VANGL2
490	OR2X1P	LINC01428	IGKV1OR22-5	MIR4711	RP11-640N11.2
491	TXNL4B	MIR4763	CTC-338M12.7	RSPH9	RP11-848P1.3
492	RPL18AP7	CCDC89	SCRN3	P4HB	RP11-627J17.1
493	RN7SL416P	RP11-22D3.2	VCPKMT	UQCRHP3	CBLN3
494	MIR616	COLGALT2	IGHV6-1	GNRHR	FAM156B
495	RNA5SP343	DUTP3	ENOX2	AC093627.12	RNU4-56P
496	RP11-862G15.2	KRT17P5	RNU6-299P	ZBTB45	RP1-128O3.6
497	MIR4745	RP1-274L7.4	RNU6-283P	OR2L3	RP11-6I2.4
498	AC002407.1	DOCK7	MYT1L-AS1	NT5E	RP11-571I18.2
499	RP11-113K21.1	PALB2	DNAJC19	CTD-2302E22.6	CTD-2036P10.3
500	RP1-39G22.4	FAN1	RP11-475D10.4	HILS1	LINC00894
501	CTC-542B22.2	COL9A3	LINC01052	CRACR2A	NDUFAB1
502	RP11-649E7.5	CTD-2036P10.3	SLC2A13P1	RP11-314B1.2	SBK2
503	RP11-832A4.7	FSD1L	RP11-99A1.2	AC003986.7	GAPDHP21
504	MCCD1	RP4-801G22.3	MAGEA4	MYT1	LSM8
505	SLIT1-AS1	RP11-751K21.1	AC108696.1	SLC44A3	TRGJP1
506	RP11-956J14.1	RSPH9	CEP44	RP11-206L10.9	RP11-677M14.2
507	RP11-1277A3.2	SEC22C	ARMC2-AS1	NOTCH2	TAL2
508	RAB10	ERGIC3	GLI1	RP11-307E17.8	STPG2
509	SKA2	MIR514B	H19_3	H19_3	ARL5AP3
510	RP11-613H2.2	AD000671.6	RP11-108O10.8	LINC00222	FAM85B
511	TRAV7	RPLP1	CTB-187L3.1	C2orf83	TLE1
512	PCDHGB7	RNU6-995P	RP11-143N13.3	ARHGAP32	GPM6BP2
513	AC112721.2	RHOA	RP11-401P9.4	AC024937.1	CTB-187L3.1
514	RP11-522N14.2	RPF2P1	RP11-325L12.3	RP11-128I7.1	LINC00843
515	HNRNPD	RP11-1074O12.1	RNA5SP141	NAP1L5	RPS24P18
516	RP6-65G23.5	VMAC	RP11-35G9.5	IGFL1	RP11-199F6.4
517	TMEM121	RP11-368M16.5	RNU6-450P	RNU6-974P	RP11-659E9.4
518	RP13-347D8.7	CD24	RP11-183K14.1	RP11-266K4.13	RPL29P7
519	RP11-398A8.1	DUSP6	LINC00987	RP3-441A12.1	SIGLEC6
520	AC009495.3	RP1-148H17.1	AP1M2	RP11-1072A3.4	AL135842.1
521	CTD-2313J17.3	RP11-164N3.3	CTD-2037K23.1	HNRNPA1P49	HOXB6
522	TMEM229A	PPIA	RP11-454H19.2	RP1-71H19.2	CIPC
523	RP11-567C2.1	RP11-399F4.1	RNU6-197P	ZPR1	RP5-1092A3.4
524	AL121588.1	RP11-89H19.2	PENK	OSBPL6	TCN1
525	SLITRK2	AC016113.1	RP11-467D6.1	LINC01011	RP11-956J14.2
526	PRYP3	RNU6-487P	RP11-322E11.6	SNRPEP9	AP1M2
527	CTD-2555O16.4	PCNXL4	OR10AH1P	CENPVP3	TUBBP8
528	RN7SL138P	MIR6509	RP11-192B18.1	AGPAT4	TEX35
529	RP11-10G15.4	CTSLP7	AC009313.1	CSF1	CTD-2385L22.1
530	LDHAP2	CTC-454I21.4	LINC00587	MFAP3	CTD-2072I24.1
531	RP11-114L10.2	C6	RNU6-1315P	TRMT112	CHCHD3P2
532	CTD-2023M8.1	SNRPFP2	AC073578.1	RP11-1D12.2	CTD-2270L9.3
533	CTC-360J11.7	RP11-269G24.4	HK3	RP11-182J1.10	RP11-91P17.1
534	MIR99A	MIAT	ZNF775	RP3-462C17.1	JMJD8
535	A4GALT	HNRNPA1P57	TUBB4BP4	NAP1L2	PRSS53
536	CDKN2AIPNLP2	RP11-85G21.3	LA16c-395F10.1	AL449083.1	EEF1D
537	RP11-503N18.1	HRG	ZXDC	ATPAF2	PELI2
538	HIST1H4A	RPL17P1	OR4D9	ZFP36L2	DNAJC5G
539	RNU6-1284P	RP11-582J16.4	CTD-2207L17.1	MIR4285	MED15P3
540	AC090181.1	CTD-3110H11.1	HGSNAT	AL109653.1	PTPRD
541	AC126755.3	ANKDD1B	MUC3A	IGHV4-55	MIR4285
542	CTD-2014E2.2	RP11-66N24.3	HMGB1P28	MSL1	RHBG
543	BX322557.10	SERPINF1	RP11-179A9.3	bP-21264C1.1	RP11-215H18.5
544	RP11-297L17.4	RP11-574O7.1	FRG1	CTC-525D6.5	LINC00950
545	AC106870.2	BST2	AC069157.2	RP11-21I4.2	HYLS1
546	SLC29A2	OR13C9	CHMP7	MIR6803	AC034187.5
547	KRTAP10-1	ZSCAN12	RP11-19H6.1	RP11-306I1.2	RP11-449L23.2
548	NUDT4	RP11-380M21.4	RP11-116N8.2	AC016751.3	CTD-2256P15.1
549	RP11-5O17.1	RP11-586D19.1	SMC4	SLC18A2	RP11-92C4.4
550	HSPA8P18	RP11-145B3.2	TPRN	RP11-179A9.3	RP11-306O13.1
551	RPL5P4	CAPN1	MYCLP1	ST7-OT4_3	ZNF83
552	RNU1-49P	RP11-426J5.1	PRSS45	RP11-680C21.1	GABBR1
553	REM1	AL109653.1	RP11-554D20.1	TAB3-AS2	AJ006995.3
554	ZNF546	MIR1224	BEX2	CTA-384D8.35	PDE1C
555	RNF217-AS1	COG1	MTND1P1	RP11-397A15.4	C3orf49
556	RP11-33B1.4	RNF217-AS1	MRPL42P6	LYN	RP11-283G6.6
557	RP11-879F14.3	KIAA1324L	RP11-279N8.1	KHNYN	MTND2P21
558	ILF3-AS1	RP11-29B11.5	MIR133A1HG	AL117341.1	RP11-98O2.1
559	AL139333.1	RP11-195E2.1	RAB9A	PCDH17	TRAV3
560	NPM1P4	RP11-16E12.2	C12orf49	RNA5SP154	AC002551.1
561	RP11-723O4.9	SNORD116-29	HKDC1	AC008906.1	RP11-290I21.2
562	CITED4	RP11-115D19.3	CTD-2210P24.2	RP11-281A20.1	PTK2
563	FLNB	RP11-490E15.2	AC092574.1	RP11-304F15.3	RP1-232P20.1
564	OR7E117P	PRUNE2	PSMD6	RP11-777B9.4	C11orf24
565	MROH6	ZFYVE9	IMPA2	AC012360.4	LINC00083
566	SUV39H1	C17orf104	MIR5571	AC069368.3	RPS27P27
567	MRPL3	BX842568.2	E2F6	RP11-504P24.9	TUBB8P6
568	RP11-85G20.1	RP1-102E24.6	MGP	RP4-568F9.3	VEGFA
569	ZFYVE9	TAB3-AS2	ISCA2P1	CEACAMP1	RP13-104F24.3
570	RNU6-475P	SNRNP35	CKS1B	GCHFR	VN1R92P
571	PSG2	CTC-277H1.7	FMR1NB	RP11-688H10.1	RP11-483M24.2
572	AC022819.1	COPS3	RP3-438O4.4	WDR44	PLS3
573	RP1-309H15.2	AFM	RP11-751L19.1	AC004687.1	RP11-697N18.3
574	RNU4ATAC3P	RP11-404K5.3	RP11-699C17.1	ARV1	OR1B1
575	SLC22A15	ZNF865	RP11-288H12.3	EFNA5	AC092159.1
576	RP1-99E18.2	LINC00694	OTUD5	MTATP6P4	MIR525
577	RP4-655C5.9	CLDN23	SLC27A2	RN7SL58P	RP11-20F24.2
578	PWWP2A	RP11-90B22.1	GSTA11P	AGGF1P1	GGTA2P
579	SET	GNG12-AS1	RP11-7G12.2	NPAP1P6	AC234775.1
580	TP53RK	MRPL2P1	RP11-146F11.5	MIR4419A	RP11-1081M5.3
581	RN7SKP15	MIR6786	KATNAL2	RPL13AP25	MIR6076
582	AC005253.4	RNU6-1180P	RNU1-112P	CEACAMP6	MSR1
583	PMS2P3	TRGJ2	PAIP1P1	CDY23P	RP4-745E8.2
584	RNU6-1183P	PRKRIR	RP13-213K19.1	RP11-190J1.3	ABCC1
585	UQCRQ	TECPR1	MAF1	AC020922.1	RP11-126K1.9
586	RP11-691N7.6	AC010139.1	AC009695.1	OSTC	RPL7P30
587	AC010904.1	CX3CR1	MIR4283-2	HERC2P8	XXyac-YRM2039.3
588	KB-1183D5.18	OR2S1P	TSPY5P	RABGGTB	GOLM1
589	CDH5	RN7SKP163	AP001631.1	HNF4GP1	RP11-374M1.9
590	RPL30P15	AC079140.1	BTBD9	FAM195CP	STRADB
591	RP11-1113N2.4	IMPA2	RP11-372M18.1	AL591034.1	RNU4-76P
592	MIR4296	GGTA2P	AL008721.1	AARS2	CREG1
593	RP3-400B16.1	IGFBP2	RNU6-177P	TLE4	MIR576
594	PTBP2	RTTN	S100P	NADSYN1	MYOF
595	SMN2	RP1-274L7.1	SH3BP2	FOSL1	GLT6D1
596	NHS-AS1	PABPC4L	AC100830.5	ALAD	RN7SKP53
597	NAV2	RP11-352G18.2	GALNTL6	UBDP1	IGLC5
598	RP1-191J18.66	RP11-402J6.2	KRT18P35	CLEC4D	SNORD62
599	RP11-111F5.6	ARSG	OACYLP	SKP2	CYP51A1
600	SNORD30	MAGI2	TSPY10	IGLC1	BTN2A3P
601	SNORD115-35	MIR1276	RP11-674I16.1	RPS26P13	CTD-2369P2.8
602	KIF5A	AC015818.6	RP11-368N21.5	KB-1582A10.2	RNU6-1268P
603	RP11-529J17.1	TRAV16	PPP2R2D	ZNF622	RP11-30P6.1
604	CCNJL	RP11-361D15.2	RP5-901A4.5	RP11-144A16.8	CTB-151G24.1
605	OR1R1P	AL356865.1	MIR224	GTF2IP1	RP11-72B4.2
606	HAAO	AP3B2	RNU6-820P	MRPL35P2	UBDP1
607	GSK3A	PRDX2	PPIAP1	RP11-296L22.8	GPSM3
608	GOT2P5	RP11-456O19.2	HEATR5A	NGDN	SNRPC
609	ACSF3	TNS1	RP11-74J13.8	LANCL1	AC096579.13
610	AC006458.3	RP5-967N21.2	FAM205CP	ALDH3A1	AY269186.2
611	SLC38A9	OR56B4	RN7SKP284	PSMC1P13	DUTP2
612	AL139377.1	SCGB3A2	CTD-3234P18.6	MIF4GD	SUGT1
613	RP11-95P13.1	ITPKC	RP11-140K17.3	DDO	RP11-74J13.8
614	MS4A1	RP11-192H23.5	VPS26AP1	RNU6-17P	GS1-21A4.1
615	KB-1205A7.1	FER1L5	AC017006.2	U5	SNORD125
616	OR4D10	RP11-202K23.1	ANKRD20A1	PPAPDC2	KRT8P29
617	RP11-586K12.10	AC137932.4	MIR1184-1	MIR554	RP11-486B10.4
618	RP5-1012F16.2	KRT18P35	RP11-977P2.1	TTTY3	C16orf93
619	COPB2	RP11-1094M14.12	SLC25A5P8	RP11-700E23.2	GFM1
620	LSM12	OOSP2	IRX5	FKSG68	CAPN7
621	RP11-245G13.1	ZBTB38	MTUS2-AS1	RNU4-24P	ANKRD20A1
622	TMEM170A	RP11-382N13.6	CDCA4P3	PSMC1P7	USP9YP34
623	RBPJ	ACTR3P3	RP11-678G15.1	RP11-290L1.6	RP11-308N19.3
624	RP3-368A4.6	AC079807.4	AC007179.2	RP11-497H16.8	RP11-611E13.3
625	RP11-641C17.1	BTF3P4	SERAC1	RPL37P3	RP11-1348G14.8
626	RP11-141E13.1	RP11-479O17.7	DEFT1P	OR10S1	ZRANB2-AS1
627	C19orf44	TIMM9P1	RP11-71E19.1	RP11-68I3.10	RP11-706D8.3
628	RP3-463P15.1	BAK1	ZNF861P	SNORA78	RP11-792A8.3
629	MIR8071-2	RP11-26L20.3	B3GALT2	TAF13	CTB-95D12.1
630	RP11-108L7.15	AC023590.1	RP11-456A14.1	SRGAP3	DCLK3
631	AC083863.5	LINC01529	RNU6-1211P	RP11-434D11.4	LL22NC03-13G6.2
632	GRID1-AS1	RP11-346C4.3	CLDN3	AL589787.1	NCF1C
633	TNFRSF13C	RP11-95M15.2	UBE3D	RMST_9	TM2D2
634	TPTE2P4	SNORD115-5	AC105235.1	RP5-1053E7.3	ARHGEF38-IT1
635	AC093107.7	ZDBF2	AQP5	CLSTN3	RP11-25I15.1
636	RNU6-27P	RP4-799P18.4	RP11-58C22.1	L34079.4	RNA5SP66
637	RP11-269C4.1	RP11-907D1.3	ST13P3	SEC14L1P1	PTDSS2
638	CTA-109P11.4	RP11-347J14.8	CRYGS	RP11-58C22.1	N4BP2L2-IT2
639	AC020951.1	RP11-575L7.8	UGT3A2	MAMDC4	RPS4XP17
640	MIR4503	DPPA4	AJ239321.3	C10orf67	AC144833.1
641	RP11-100F15.2	OR6Q1	GDF7	RP11-45A12.2	XKRX
642	SYNPR	SPRED2	PCBP4	AC068797.1	PFN1P3
643	TRIM29	RP11-327F22.1	LINC01227	GDF7	HMGB3P7
644	RP11-141J10.1	AC007969.4	CTD-3073N11.7	SLC45A2	RP11-876N24.7
645	RP11-696P8.2	RP11-469N6.3	AGO3	OR4A11P	RP1-117P20.3
646	CTC-248O19.1	RP11-312A15.1	HS3ST2	GVINP2	AL390718.1
647	RPS4XP17	RP11-550A18.1	AC008069.1	FMNL3	MIR6796
648	RP11-497J7.2	MIR8062	FDFT1	ACTRT3	RP11-493L12.3
649	LLNLR-307A6.1	RP11-43N22.1	LL22NC03-121E8.4	LDHBP2	KIAA0895
650	C6orf118	CABP1	ZNHIT3	RP11-159J3.1	RP11-467L13.4
651	RP4-704D23.1	CCDC153	RP11-659P15.1	Six3os1_7	RP11-555J4.3
652	L3HYPDH	PROK2	FGF11	GTF3AP2	AC008440.5
653	HTR5A-AS1	DDX11L10	SRGAP3-AS3	RP11-338C15.5	TRAJ39
654	SKAP2	RP11-58C22.1	CYCSP11	LL22NC03-88E1.18	RP13-444H2.1
655	GS1-72M22.1	AC006129.1	RP11-248N22.2	CTD-2134A5.4	NAV2-AS5
656	HAUS8	RPS9P1	AC009500.2	RNU6-978P	FAM118B
657	RP1-127D3.4	PKMP5	STAT2	AC007631.1	RP11-316N24.2
658	RP11-146G7.2	AC068137.6	SUMO2P20	HSPE1P6	SNAPC5
659	MT-TW	HMGB1P42	RN7SKP243	SERINC1	RNU6-493P
660	RP11-331K15.1	SRRM1	HAUS8P1	TM4SF19-AS1	5_8S_rRNA
661	CUTA	CHAT	CDC37L1-AS1	RP11-48B14.1	L3MBTL3
662	SPOP	NDUFS4	MIR6883	RP11-108F13.2	OR10AA1P
663	RNU6-776P	MSRB1P1	RP13-644M16.4	PRDM12	RPL6
664	CTD-2036A2.1	POLRMTP1	P2RX5	JADRR	SDR39U1
665	C6orf226	RP11-433O3.1	RP11-552O4.1	AL022574.1	RP6-218J18.2
666	AL139429.1	RP11-144L1.8	RP11-245J9.5	IGLV3-12	LINC01226
667	Six3os1_7	PSMA3	BX284613.1	RP11-394A14.2	RP11-488L18.3
668	RP11-138H8.3	LINC01556	VN1R28P	RPL3P1	CTB-32P11.1
669	IGHV2-5	RNU6-978P	ADORA2B	RP11-552O4.1	RP11-654C22.2
670	RP11-338C15.5	TUBA8	PGK1P2	HM13	RP11-700H6.4
671	RP11-381K20.2	RNU6-117P	TMEM8B	LOR	RP11-963H4.5
672	AC130360.8	RP11-7O11.3	RAP2C-AS1	DENND1B	ATP5LP6
673	RP11-566K11.4	RP11-405A12.1	AC004009.1	RP11-787P24.2	MEGF6
674	AC084010.1	GPR3	RP11-756G12.1	MAP3K4	RP11-264J4.10
675	RP11-340I6.11	RPL6	CTB-32P11.1	TMA16P1	RP11-556O9.2
676	RP3-337O18.9	IGLV3-12	RP11-146D12.2	GLT8D2	CTC-344H19.4
677	RP11-84G21.1	RP11-211G3.2	WNT5A-AS1	MFN1	RP11-479O17.9
678	RP11-64K12.1	RP11-47F1.1	CASP10	FTH1P24	RP3-395M20.8
679	MIR4740	RP11-360K13.1	DLC1	CTC-546K23.2	MAP2K1
680	5S_rRNA	SNORD111B	BPIFB9P	NUP153	BRI3BPP1
681	SHARPIN	RP4-669H2.1	RRP15	CASP10	PSMB7
682	HLA-DOA	CACNA1C-IT1	RP13-977J11.6	SLC5A10	ERMAP
683	HCN4	AC012354.8	DYRK3	KIAA1107	MTND3P1
684	FAM65A	RNU7-69P	TTC26	RP11-152P17.3	RP11-346E8.1
685	AC016764.1	SPINT2	TP53INP1	CTC-429P9.2	RP11-452N4.1
686	PDGFD	MAGEA12	RP11-71H17.7	ABCD1	CTCFL
687	SPATA3	RP11-146D12.2	MIR3125	RP11-212D19.5	RP11-186O14.7
688	RN7SL727P	ZNF479	MGC27382	KCNG4	RN7SL466P
689	AC092841.1	CKAP5	CTC-454I21.3	RP11-543F8.2	AC010967.3
690	CTD-2005D20.1	GOLGA8K	RN7SL229P	RNU6-952P	RNA5SP302
691	AC007003.1	RNA5S15	IGHV3-71	RP11-463J17.2	E2F3P1
692	RP11-483C6.1	RP13-619I2.2	RP11-521C20.2	RPL10L	AC226119.5
693	RP11-29B9.2	RP11-265N7.1	RP11-438O11.1	RP11-64D22.1	CTA-212A2.2
694	B3GALT5-AS1	RNU7-192P	RP11-505K9.1	PPID	CABP7
695	RP11-452N4.1	AP005273.1	RP11-167P22.5	SMIM9	SERPINA10
696	EDEM2	LRP6	KCNK3	C20orf195	RP11-173M1.4
697	URAHP	RP11-321A17.6	RFPL2	MTRNR2L1	DAOA-AS1_2
698	AC108463.2	C19orf12	CLEC16A	TMEM178B	RP11-720L2.4
699	RP11-521A24.1	RP11-671C19.2	AHDC1	CTA-212A2.2	MCAM
700	SNORA17	RPL23AP78	RPS10P14	GFOD1-AS1	RP13-1039J1.3
701	RPL35AP15	AC005048.1	ECE1	TAP2	SLC45A3
702	OR5D14	RP1-309F20.3	RNU2-32P	MIR3661	ERI1
703	RP11-732A19.2	RP11-106M3.1	TMEM52	BTF3P12	TRAPPC4
704	RP11-521C20.2	IFT172	MIR6862-1	AC008810.1	RP11-60H5.1
705	RP11-790L1.3	RP11-61L23.2	CHCHD2P2	KCTD14	LIF
706	TPX2	RP11-80F22.7	RP11-1J7.1	RP11-547I7.1	RPA2P2
707	DAOA-AS1_2	AC007966.1	SH3BP5L	ANXA8	RP11-319E16.2
708	AC098592.6	MAPK8IP3	OR4C6	AC017028.8	EXOSC6
709	MCAM	MMP8	AC104842.1	SYNE3	RNU6-1212P
710	MIR4664	AC079753.1	AC008073.7	IGLV2-14	RP11-95I16.6
711	SLC25A10	RP11-665C16.1	AC140481.8	PFN1P11	RP11-388B24.4
712	IL1RAP	AC034198.7	MTMR8	MXRA5Y	MIR3118-1
713	HMGN4	ARPP19	PEAK1	RP11-397H6.1	MPP4
714	CYCSP17	RP11-390B4.3	RP11-276H1.3	AP003900.6	RP11-856M7.7
715	RP11-69E9.1	TMIGD1	AC073326.3	OR7E26P	RP11-432M8.14
716	RP11-180P8.5	KIRREL3-AS1	RP11-141C7.3	RP11-386I14.2	RP11-977G19.12
717	RN7SL398P	RP11-1J7.1	CTD-2215E18.3	FRMD1	NPBWR2
718	HNRNPA3P5	CTB-47B8.4	MTND1P24	RB1	HEPACAM2
719	PSMD1	RP11-135L13.4	AC021760.1	RP3-476K8.4	RP11-369K17.2
720	C6orf99	BMP3	VPS4A	RNU5F-1	RP11-702F3.3
721	FAM104B	VIPR2	RNA5SP446	RCAN2	RP11-116O11.1
722	RP11-804F13.1	DEPDC4	AC096509.1	PEX6	SNRPCP4
723	RP11-815M8.1	FAM87A	SNORD32A	CTB-88F18.3	TEX28P2
724	KRTAP13-3	RP11-323I15.3	FAM104B	DOC2B	RP1-127L4.7
725	ASAH2	MYPN	MYO5C	RP11-346M5.1	CTAGE9
726	NREP	RP11-677O4.4	RP11-435P24.2	RP11-498C9.17	RNA5SP369
727	RP11-131M6.1	RP11-228O6.2	RNU6-967P	RP11-713N11.6	RP11-1114I9.1
728	UPF3AP2	TAS2R20	ALG1L9P	PLA2G4E	CTD-2256P15.5
729	AC025627.7	RIC8A	LINC00671	RP11-780K2.1	AC007389.4
730	CTD-2544L4.1	OR11H13P	CTD-2396E7.11	FAM104B	TMEM55A
731	ATP2C2	RNA5SP148	RN7SKP252	RP11-543G18.1	RPS7P13
732	IGLV4-60	AC093817.1	MIR3124	OR1A1	LINC01219
733	RBMY1F	BARD1	CTPS2	MIR508	EPHA1-AS1
734	AL118506.1	AL157788.1	AL160037.1	RP11-460N20.5	CHRNA2
735	COL4A2-AS2	OR1A1	RN7SL26P	RP11-369K17.2	AL441988.1
736	TRPM1	AC113618.2	SCGB1C2	RP11-165H23.1	RP11-18B16.1
737	RP11-1123I8.1	RP11-380J14.1	AC104331.1	CTD-2228K2.7	RNU6-353P
738	AP004372.1	MIR6865	QRICH1	SRD5A2	C11orf98P1
739	AC091043.1	RP11-498E2.9	FREM3	MESP1	MIR662
740	RP11-399H11.3	RABIF	NMU	TMEM140	TRIM51DP
741	TRAPPC2B	DEFA7P	LINC00388	CNTN1	AC104651.2
742	RP11-750B16.1	CTD-2105E13.15	LINC00505	IGKV1D-17	RAB26
743	RP11-311F12.1	VSTM2A	YPEL4	AC002127.2	POP5
744	KRT18P37	RP11-152C17.1	SUFU	RP11-310I9.1	ASNSP3
745	RP11-561O23.9	ZNF431	RPS4XP23	CTA-963H5.5	RNA5SP54
746	RNA5SP262	AC108078.1	RP11-497K15.1	NRIP1	ATXN10
747	GHRL	RP11-473M10.3	RP11-163O19.8	KPNA5	SULT1D1P
748	ANKRD46	MT-TR	RP11-216N14.9	PNMA6A	LINC00159
749	RNU6-66P	RP11-360N9.2	RP11-195F19.29	RNU1-47P	RP11-814P5.1
750	DUX4L16	Z83001.1	RNU1-39P	RP11-1055B8.3	TRPC7-AS2
751	GDF6	OR2A13P	AL356791.1	LA16c-321D4.1	CST5
752	ZBTB20-AS3	UBE2Q2P1	RP5-991G20.6	RP11-245A18.1	LINC01139
753	OR5BJ1P	RNU6-278P	SLC9C2	ATG10-AS1	RP13-488H8.1
754	KB-1836B5.4	PGBD4P5	ACBD7	RP11-697E2.7	TIMM17A
755	CASP2	RP11-655B23.1	SPAG11B	GPR146	C19orf57
756	DMBT1P1	OR2V2	CTD-3023L14.3	AC104651.2	UNC93B6
757	CTA-212A2.4	TXNDC16	CENPL	MESTP1	RP13-516M14.10
758	S100A1	OR5K2	KIAA1841	CHPF	RP13-60M5.2
759	CTD-3096M3.1	MIR3186	SOCS2	CDC37L1	MED12L
760	ANO3	AP002530.2	RNU6-674P	RP11-147L13.8	MTCYBP4
761	RN7SL728P	ZFP64	RN7SL376P	TRPC7-AS2	MIR630
762	CD164L2	RP11-536C10.16	TMX3	RP11-481J13.1	RP11-298D21.3
763	MIR548AI	EMP3	LXN	SUCLG2P4	RLBP1
764	TRAV26-1	RN7SL443P	CTD-2571E19.3	RNU6-427P	AC006277.3
765	RP11-561E1.1	RNU6-252P	RNU6-935P	RP11-479A21.1	RP11-36D19.9
766	RP11-347C12.9	KRTAP17-1	RABL3	MSL3	RP11-282K24.3
767	MIB1	AL353763.1	DNAH2	RP11-160E2.16	RPS23P1
768	KSR2	RP11-73M7.9	RP11-123C5.5	ZNF793-AS1	VCP
769	OR10AK1P	RP11-946P6.4	CCDC88B	TXLNB	RP11-54O7.10
770	RP11-713N11.5	KRTAP12-1	RP11-102M11.2	SH3GL1	MT-ND5
771	MIR7112	RP11-261P13.6	GUSBP10	LINC01069	RP1-65J11.5
772	RP11-19N8.7	RP11-448G4.2	RALY-AS1	RPSAP63	Six3os1_1
773	RP11-526N18.1	CTD-3023L14.3	RP11-1299A16.3	SACS	LINC00904
774	RP11-16O9.2	QPRT	AL035088.1	AC007967.2	GAPDHP58
775	RP11-176N18.2	TMEM57	AC012047.1	CH17-264L24.1	RP1-197J16.1
776	OR6C64P	RP11-166B2.5	RAC1P6	RP11-540K16.1	AC104024.2
777	AL021394.1	RP11-403I13.7	CTD-2176I21.2	MUC15	OR7H1P
778	RP11-474P2.5	NIFKP4	LRFN3	COX6B1P7	IGHD3-9
779	RNU6-537P	AC015849.14	RP11-678K21.1	CBX3P3	C10orf25
780	AC109631.1	AC006277.3	PTP4A1	AC079005.1	HIGD1A
781	DND1P1	SUMO1P1	LLNLR-304G9.1	BNIP3P18	TMEM256P2
782	TTTY21B	ANKRD36BP1	RP11-403P17.4	HS6ST1	UFSP2
783	RP11-38O14.6	INTS4	RP11-548H18.2	OR5H7P	RP11-248E9.7
784	BCAR3	TMEM92-AS1	TLL1	FAM110B	AL136221.1
785	RN7SL513P	LRRC8E	RP5-1029F21.4	KCTD16	MIR6793
786	LOH12CR1	AL078621.1	GS1-309P15.3	RP11-104J23.1	DPPA3P2
787	TRAC	DNPEP	RNU1-58P	RP11-44M6.3	PTMAP4
788	SETP5	RPL7P52	ROBO2	RNU4-8P	SETD3
789	ADAM20P2	REXO2	CTC-518B2.12	RP4-669B10.6	RNU6-1067P
790	AL590723.1	UGT1A3	ASCL3	RP11-324J13.1	RPL8
791	PCNX	MCMBP	RP11-320P7.2	AC010522.1	RPL26P30
792	RP11-927P21.6	TRPS1	RP11-299H22.6	RP11-687F6.4	LINC01012
793	RPL7AP28	VLDLR	CTB-174O21.2	RP11-738E22.3	RNU6-1240P
794	HCCS	ADAM20P2	SNHG8	HNRNPUP1	NOXO1
795	CYP2D6	AIM1	PRLR	TARSL2	ATP6V1E1
796	LINC00845	RP11-463D19.1	KB-288A10.17	AY269186.1	RNU6-1107P
797	RP5-1029F21.4	RP11-1008C21.2	SNORD49A	FAM90A10P	KARSP1
798	FCER1G	MAP3K15	RP5-908M14.10	CTD-3247F14.2	ZNF292
799	RP11-70F11.2	NCKAP1	MIR297	XRCC4	ZNF577
800	RP11-177H2.2	DCLK2	SLC35E2B	UGT1A3	RP11-231C14.8
801	RP11-467I17.1	NDFIP1P1	MOSPD3	FMO9P	R3HDM1
802	AC018799.1	IGF2	TRBV13	KLK4	FP671120.1
803	POU5F1P4	HMGB3P11	MIR520F	RP11-430L17.1	TRPC4
804	CH17-13I23.3	RN7SL604P	RP11-526K21.2	AL590723.1	LINC00570
805	RP11-577B7.1	RAC1P2	RNU6-795P	CTA-363E6.5	RP11-355K23B.1
806	B3GNT4	MRPS24	BCL2L1	AC068044.1	AC004004.2
807	SNORD49A	RP11-521M14.2	LINC00087	UFSP2	RP11-480I12.2
808	AC011525.4	RP11-236J17.7	RP11-365F18.3	MAPK8IP2	RP11-872J21.5
809	DNAJB1	RP11-191F9.3	IL27RA	RN7SKP67	BPIFA3
810	KLF12	FAM3D	SLC19A1	TRIQK	MIR6763
811	AC008691.1	RP11-21C4.4	CTD-3193O13.11	CCDC58	LINC01312
812	LINC01397	RP11-383B4.4	SMURF2	PYGM	BCAS2P1
813	ZNF880	RP3-523K23.2	RP11-273P3.1	FAM181A	VPS13C
814	CTB-85P21.1	RP11-614O9.1	AC021188.4	RP11-530C5.4	AP001432.14
815	BAIAP3	RNU6-732P	RP11-170L3.6	TMEM114	KBTBD11
816	CNIH4	RPS2P46	ZDHHC18	RP11-6N17.3	SCRG1
817	FAM58BP	FTCDNL1	EIF1P7	RP11-25B7.1	MRPL52
818	RP11-812I20.2	SLC43A2	AC133552.1	LINC01085	LINC00434
819	RGS19	RP11-347H15.2	TUB	MIR548X	FAM83C-AS1
820	RNA5S13	RN7SL366P	RP11-26H16.1	MIR663B	RP11-166P13.4
821	TCEAL4	RP11-72I8.1	AC104777.2	IGBP1-AS2	MCFD2
822	RP1-92C4.1	TSGA13	MIR4793	TTYH1	AC009477.7
823	IKZF3	AC139099.6	RP11-586E1.1	RNU6-735P	AC093690.1
824	PLEKHA3P1	DNM1P49	TGFB2-AS1	RPL4	AC246787.1
825	MPP5	RP11-234B24.6	RP11-290F24.6	AC097499.1	RNU2-41P
826	TBC1D22B	RP11-6N17.10	GPR82	NAMPTP2	RP11-747H7.1
827	COL9A1	RP11-355E10.1	ANXA2P1	RNA5SP101	AL158141.1
828	RP1-198K11.5	PRCP	AP000949.1	RP11-577B7.1	RP11-222K16.2
829	RN7SKP105	LINC01080	HMGN1P15	PDE3B	RP11-33B1.3
830	AJ003147.9	LINC00087	RP11-308D16.1	BNIPL	LAMA4
831	AC008547.1	RP11-118A3.1	MPRIP-AS1	AC002550.6	AC012005.4
832	RP11-292D4.4	MIR4254	RN7SKP143	MESP2	PNPLA4P1
833	ATP6V1B2	UBE2V1P6	RP11-274M17.1	ITPR3	MID1IP1
834	RAPGEF6	AP005271.1	RNA5SP39	TWSG1	MIR4687
835	TPRXL	KLRG2	RP11-274J7.3	NUDCD2	INGX
836	RP11-613C6.2	EEF1DP6	CCDC116	RERGL	MIR4502
837	CDC42EP3	RP11-416N2.4	RP11-386I8.6	RAB24	RP11-15E1.4
838	RP11-15J23.1	AC073218.3	RP11-286M16.1	TUBG1	ZNF652P1
839	AP001469.5	WRBP1	RP11-125N22.3	CUX1	RTN4IP1
840	AC114550.1	TTC3	MIR4742	RNU6-1258P	RP11-152H18.3
841	RP11-89M22.3	LINC00690	RP11-730B22.4	TMEM254-AS1	AC009237.14
842	RP11-290F5.1	SERTAD3	CMIP	KCNT1	PALLD
843	RP11-211G23.1	RNA5SP89	MIR3135A	AC092170.1	HLA-DPB2
844	SAMD4B	AL512506.1	GAMT	CTC-360G5.6	RN7SL568P
845	AC118463.1	ZNF101	AGAP1-IT1	RP11-344N17.2	NEAT1_2
846	AC114973.1	MIR1282	RN7SL308P	CTD-2534J5.1	NDUFV3
847	RN7SL55P	AP000692.10	SDR16C6P	CCL27	RP11-848P1.5
848	PIP5KL1	SHANK3	MIR6778	RP11-574K11.29	PACRG-AS1
849	CTC-523E23.6	RP11-1217F2.10	RP11-513D4.3	LA16c-329F2.1	CTD-2574D22.4
850	OR10R2	PPBPP1	MIR1284	RPL5P2	RP11-264L1.1
851	NDUFB2-AS1	FLG2	ASB13	MT1L	ZFP30
852	RPL23AP53	SNPH	RP11-111M22.2	SNORA72	RP11-577N1.2
853	PDCD10	ACTN4P1	MMP21	RP11-467I20.5	NRBF2P2
854	CTSL3P	TRIM14	EEF1A1P29	HMGB3P10	RNU1-72P
855	RP11-17M24.2	RP11-294L11.1	RP11-642D6.1	RP11-350J20.12	IL31
856	TMPO	DIRC3	ALDH1A3	EDA2R	RP11-432I5.6
857	SLC39A11	RP13-644M16.1	NRBF2P2	AC005237.4	RP11-54D18.2
858	AC091770.3	MIR20B	RP11-507J18.1	MPP5	RP11-401L13.4
859	S1PR1	GDNF-AS1	RP4-706G24.1	RP11-54A4.2	SNORD115-16
860	MRPS5P3	RP4-539M6.18	RP11-201K10.3	FTLP19	LYZL2
861	AC084082.3	RP11-556O9.3	HCN4	CDC42SE2	CELF1
862	ZRANB1	MEX3C	LAPTM4A	MIR573	AL163953.3
863	BNIP3P16	SSBP1	AC009501.4	AC092301.3	SLC8A1-AS1
864	TMEM216	RNU6-877P	RN7SL413P	LINC01425	FTLP14
865	PTPN6	HOXC6	RP11-147G7.3	C4orf17	SPDYE1
866	AC005262.3	RP11-379I19.1	G2E3	GDNF-AS1	KRTAP22-1
867	EEF1A1P34	MIR302C	RP11-269F19.2	AL360217.1	BX323860.1
868	LMAN2	AC104650.1	RP11-345J4.4	OR51A6P	RNA5SP118
869	AKR7A3	GPR157	RP11-468N14.1	RP11-402P6.4	HRH2
870	RAD23BP2	RP5-882C2.2	RP11-662B19.1	RP11-356I2.1	RPL21P119
871	MEF2D	SNRPB2	ARRDC1-AS1	TMEM65	RNU6-195P
872	RP11-106A1.2	ACBD5	RP11-413N13.1	RP11-414B7.1	RP11-1E22.1
873	FAM90A7P	RP11-47G4.2	MIR6831	GARSP1	RNU7-7P
874	AC007096.1	VIM-AS1	LINC01075	NCBP2L	RPS3AP17
875	AC104534.2	AC008984.6	MEF2D	RP11-375A20.1	RP3-325F22.3
876	RRP8	ELSPBP1	CTD-3220F14.2	RP11-272L14.2	THOC1
877	SRGAP2C	ZNF101P1	SNORD39	BDNF	CDK3
878	RP5-943J3.1	RN7SL401P	LIPI	RP11-212D3.2	RP11-108A14.1
879	RP11-7G12.1	HIST1H2BG	CTD-2541J13.1	RP11-473I1.9	RP11-115M14.1
880	TMPRSS4	CTD-2026D20.3	MIR30E	KB-1562D12.3	RP11-489O18.1
881	RP11-397D12.4	RPL31P7	RP11-432J24.2	LA16c-381G6.1	FAM104A
882	NCOA4	VN2R1P	WNT7B	RP1-197B17.7	AP001189.4
883	snoU109	RP11-697G4.4	RP3-509I19.11	HCG18	CTD-3222D19.9
884	AL450063.1	RP11-76E16.2	RP11-250B2.4	PCCB	RAB40C
885	AC093680.1	RP11-726G23.2	RP1-90J4.2	MIR4781	DHX40
886	RP11-115M14.1	FFAR2	RAB7B	RP11-307N16.7	KIF9
887	RP11-489O18.1	RNU1-42P	HNRNPCL4	RP11-325O24.1	HNRNPCL4
888	FENDRR	RP11-111A24.1	RP11-662B19.2	RP11-521C20.1	CTD-3105H18.8
889	MIR3684	AC120104.1	RP11-289I10.3	MED28P5	AQP4-AS1
890	STAT3	RNU6-331P	AC009120.4	RP1-40E16.11	MIR631
891	RP5-984P4.1	AC010146.2	CTD-2555A7.1	CBLN2	RP11-218E20.2
892	RNU6-623P	RNU6-871P	RNU6-272P	RPS20P25	PRKACG
893	RP11-140H17.1	TMEM101	TREML2	AP000783.1	AC100828.1
894	CA6	EEF1A1P34	AL512385.1	PABPC1P4	AC004862.6
895	CNTF	NHP2P1	RP11-38O23.4	ATOH1	RNU1-148P
896	AL450992.6	RP11-305O4.2	RP4-533D7.4	C19orf52	NMUR1
897	TMLHE-AS1	RP4-620F22.3	RP11-252A24.8	EEF1A1P34	RPL7AP3
898	AC074091.1	RN7SL253P	LRP5L	AC007563.4	RP4-775C13.1
899	KRT18P60	RP3-410C9.2	RP11-258C19.4	ISG20L2	LINC01450
900	AQP2	LINC01116	GPR33	RP11-305O4.2	ANKRD13C
901	GPR33	LINC00492	MIR10B	TSPAN11	RP11-125O5.2
902	AGGF1P2	KCNAB2	RP11-305O6.3	CLTB	AC114755.4
903	AC104654.1	RP11-108A14.1	STEAP2-AS1	CMB9-94B1.2	RP11-723G8.2
904	AC139451.1	MIR5590	RP11-696F10.1	RP11-397D12.4	PGAM4P2
905	DGAT2L7P	ABCA1	MIR449A	RP11-23A22.1	KB-1458E12.1
906	RPS4XP6	MIR27A	METTL15P1	TTLL7-IT1	RP11-478C1.8
907	CTC-756D1.1	GSTA4	RNU6-613P	RPSAP43	RP11-615J4.4
908	RP11-838N2.3	LYPLA2	COLEC10	CEP72	FPGT-TNNI3K
909	KCNJ15	RP4-753D5.3	RNU6-24P	MDC1	RP11-950C14.7
910	RP11-255C15.3	RNF133	FPGT	RAB40C	TTTY17B
911	SGK3	PSMD5	TIMM9	LINC00596	RP11-348F1.3
912	RN7SKP97	AC016670.1	AC100787.1	RNF133	SLMO1
913	MT1JP	AP006621.9	MYADM	RP1-40E16.2	SNORD114-6
914	AC140542.2	CTC-448F2.6	RP11-322E11.5	RP5-921G16.1	AC091801.1
915	CTA-392C11.1	ABC7-481722F1.1	TPT1P6	AC020915.2	AC007292.3
916	PRAMEF8	CTC-788C1.2	RNU6-519P	CEP164	RNU6-694P
917	MTND2P24	XXbac-BPG13B8.11	RP11-646E18.3	HN1	MED8
918	AL732479.1	CCNK	RP6-91H8.1	OR51S1	MIR4752
919	RNU6-842P	DYRK4	RP13-34L8.7	RP11-66N5.2	RP11-355I22.5
920	RBMY2YP	TTTY23B	MIR1537	AP001042.1	MTR
921	TMEM167B	RP11-158M2.4	RNU2-11P	BMP2KL	RP11-405M12.2
922	RP11-180I4.2	RNU6-527P	RP5-1132H15.2	DHX37	RP11-457D20.2
923	RPS12P10	NDUFA3P2	RP11-77K12.10	RP11-17P16.2	MIR4268
924	RNA5SP486	PTPRA	FGF6	RP11-495P10.7	RP11-407A16.6
925	RP11-463J10.4	NENFP2	FMO8P	RP11-737O24.3	RP11-101E7.2
926	C1orf56	SDAD1P3	HSPA8P15	UBE2Q2P9	MIR4526
927	H2AFX	C1QTNF1	RP11-272D12.2	RP11-377G16.2	MIR4321
928	AGTRAP	EPGN	FAM43A	HSD17B2	PSMC4
929	ARSD-AS1	KIRREL3-AS3	GRIP1	CDRT1	RP11-449J21.3
930	GPR158-AS1	RP11-496I2.2	AC244230.1	BRCA2	FGR
931	TTC31	FCF1P8	MIR4791	RNU6-474P	MIR3138
932	RNU6-835P	HSFY8P	SULT1C4	RP11-562F9.2	SNORD114-20
933	NAT8L	RPS12P10	LINC00309	RNVU1-10	RNU6-1216P
934	RP11-426C22.5	RP11-222N13.1	ARMC4	RP11-79C23.1	RP11-26O3.1
935	RNU1-96P	KCND3	SNORD115-20	HNRNPL	RP1-35C21.1
936	USP12PY	DUSP11	CTD-2538G9.3	HAPLN4	RP11-480I12.7
937	LINC01444	RNU6-474P	TMEM199	PAPOLB	AC147651.1
938	MIR513A1	PHLDB3	RP11-99C10.1	RP11-30K9.4	RP11-252M18.3
939	MIR4726	FP671120.2	RN7SKP5	DBP	SULT1C4
940	AC092865.2	RP11-640M9.4	OR2AH1P	RP11-973F15.2	AC002044.1
941	RP13-324D24.1	DBP	RP3-495K2.4	ADIG	RP11-317B3.2
942	UNC5CL	AC006160.5	RP11-573D15.3	PRRT3	RP11-12D24.6
943	IGKV1OR2-2	RP11-885L14.1	MIR3648-1	RP4-799G3.1	RP11-5N11.6
944	RN7SKP119	AC007228.8	AL117374.1	RP11-175K6.2	MIR6071
945	RP13-516M14.4	TRAJ3	RP11-473J6.1	OR2J2	SLC22A11
946	PIGR	TMEM50A	RP11-233E12.1	PXMP4	MTND1P19
947	ARX	RP11-66N11.7	RP11-264K23.1	ARMC4	MIR3648-1
948	RP5-1121H13.1	OR5P1P	RP11-265D17.2	RP11-511I11.1	RP11-461L13.4
949	RP11-344B2.3	RP4-591L5.2	SLC25A53	OR5H14	AC105052.1
950	CH507-254M2.6	LA16c-361A3.3	P2RX4	ATP6V1G1P7	CTA-992D9.11
951	RP11-454P7.3	RP11-91K11.2	RP3-418C23.2	CTD-3118D7.1	DDX43
952	RP11-399K21.11	RP11-310N16.1	ADAM17	CTD-2545M3.8	RNF7P1
953	AC074051.1	PPP1R2P10	BTBD11	AC087762.1	RP11-523H24.3
954	RPS20P23	Z95116.1	PCYOX1	KLHL36	OIT3
955	RP11-526I2.1	RNU6-1004P	RP11-1072C15.1	CTD-2022H16.1	RP11-332H21.2
956	RNF212B	FO393414.1	RP11-17M15.1	RP11-33N14.3	FCGR3B
957	CDK9	RP4-775D17.1	CENPH	MSRB3	TMEM191A
958	RNU105B	RP11-361F15.5	RN7SL596P	RP11-264K23.1	GRB14
959	RP11-4O3.1	CTD-2240E14.4	GLUL	SNORD95	XRCC6P2
960	RP11-173A16.2	RP5-837I24.5	GZMK	RPS15A	EVC2
961	ACKR4	MTND6P3	LINC01205	AGAP4	RPL12P34
962	RP11-162O12.1	RP11-393I2.2	RP11-789A21.1	FAM90A3P	USP9YP17
963	RP11-349F21.2	UBE2Z	CTD-2378E21.1	AC008277.1	PRR4
964	RP5-867C24.4	RGS8	FOXD4L4	CRYGEP	KRT18P59
965	AC006328.1	SHISA5	XXbac-BPG248L24.12	RP11-138I18.1	AC006328.1
966	GABRG3-AS1	RPL36AP13	LINC00883	TREX1	RP11-1038A11.1
967	AC073973.1	UBE2SP1	GCSHP4	MIR3680-1	STX17
968	RPL36AP13	RP11-455F5.4	RP11-321M21.4	PRAMEF12	FAM229B
969	GALNT18	ZNF410	PRDM11	AC073055.2	DUTP5
970	MIR6777	ZSWIM3	CTA-256D12.11	RP11-428C19.4	RP5-981O7.2
971	RNU6-499P	TCEB1P20	RP1-172N19.4	RP11-1060G2.2	CCDC106
972	XXbac-BPG248L24.12	RP11-338K17.5	RP11-432J22.2	RP11-349F21.2	MAPRE1P3
973	UBA52	AC108721.1	LINC01229	AC005757.6	ZSWIM3
974	KIF18A	AP001137.1	RN7SL619P	AL590726.1	RP11-443O13.3
975	RP11-468O2.1	RNU6-109P	CFAP74	PARPBP	RP11-98I9.4
976	RP11-416L21.2	RP11-351N4.4	ZNF148	ZSWIM3	PDE6B
977	KRTAP19-4	RP11-434H6.6	ARL1	RP11-478C6.2	AC018361.1
978	FCF1	RN7SL683P	C8orf74	AL136234.1	FCF1
979	MYF5	RP6-191P20.5	MLLT11	AC007879.5	HSPE1P21
980	SAGE2P	IGF2BP2	ZNF517	ZNF468	BSPRY
981	ZC4H2	GS1-115M3.3	RNASEH2C	DEFA3	RNU1-120P
982	RNU6-739P	EIF2B4	MIR520E	PKM	EGR1
983	SMCO3	TENM3	RP11-333B11.1	ADH5P4	MUS81
984	RP11-5P18.1	PPIAP16	RNA5SP398	RP11-118K6.2	ZNF383
985	SMC1A	RP11-489M13.2	BCRP1	RP11-474N24.6	AGRP
986	MIR98	AL356253.1	AL591063.1	RNU6-658P	CFB
987	RP11-565F19.4	AC069547.1	NME3	AC008674.1	A2ML1-AS2
988	RP11-407G23.7	RP11-846F4.5	OR4P4	MIR4466	OR7E145P
989	GALNT8	CTB-50E14.5	REXO1L12P	RP11-381P6.1	ZBTB11-AS1
990	RN7SL549P	RP11-680F8.3	MIR4505	RP11-325E14.5	AFG3L1P
991	RP11-455F5.6	RP11-485B17.10	MIR2682	MT-TA	YPEL3
992	DCBLD2	PARP6	RP1-34B20.19	RP11-119B16.2	RP11-571O6.2
993	CTC-338M12.13	FAM208A	RNU6-208P	TMEM176B	RP11-318E3.9
994	RP1-155D22.1	SULT1B1	CTC-338M12.9	RP11-326I11.5	ZBTB20-AS2
995	GDNF	AP001891.1	AL136090.1	SNORD107	UQCRB
996	MFN2	AP000343.1	RP11-630H24.3	CYP4F62P	RGS17
997	AC020931.1	MTND1P3	SELV	SLC38A7	CLNS1A
998	AC097461.4	RP11-64I5.1	RP11-45A17.4	AP1B1P1	RP11-155N3.4
999	RNA5SP53	RP11-142G1.1	RP6-29D12.2	CTD-2012K14.2	AC018816.3
